{"cameraMode":{"drawMode":0,"name":"Shaded","section":"Shading Mode"},"sceneLighting":true,"audioPlay":false,"sceneViewState":{"showFog":true,"showMaterialUpdate":false,"showSkybox":true,"showFlares":true,"showImageEffects":true,"showParticleSystems":true},"in2DMode":false,"pivot":{"x":17.172475814819337,"y":3.546560287475586,"z":0.7117154598236084},"rotation":{"x":-0.1382482647895813,"y":0.8395971059799194,"z":-0.25174444913864138,"w":-0.4610740542411804},"size":33.34480285644531,"orthographic":false}